,hv010,hv011,hv012,hv014,hv216
0,1,2,7,2,2
1,1,0,3,0,2
2,1,0,2,0,1
3,0,0,2,0,2
4,1,2,8,2,4
5,1,0,8,2,3
6,2,1,7,2,2
7,1,1,4,0,2
8,2,1,8,1,2
9,1,0,6,2,2
10,1,0,8,2,3
11,1,0,5,1,1
12,1,1,7,1,2
13,1,0,3,0,2
14,2,0,4,1,4
15,1,1,3,1,1
16,1,1,5,1,1
17,1,0,5,0,2
18,0,1,3,0,4
19,0,0,1,0,1
20,1,0,6,3,3
21,1,0,9,1,3
22,1,2,8,3,3
23,1,0,3,1,1
24,3,5,13,1,4
25,0,0,4,0,4
26,0,0,3,0,2
27,1,0,3,2,1
28,1,0,6,0,2
29,2,1,8,1,6
30,1,1,3,0,1
31,0,1,1,0,1
32,1,1,4,1,1
33,1,0,2,0,2
34,2,0,10,2,4
35,3,1,15,1,4
36,1,0,5,2,1
37,1,2,6,0,2
38,1,0,6,1,3
39,1,0,6,0,2
40,1,0,3,1,1
41,2,2,20,5,6
42,0,0,1,0,4
43,1,0,5,2,2
44,0,0,3,0,1
45,1,1,4,0,4
46,1,0,2,0,2
47,1,0,2,0,2
48,5,1,11,1,4
49,0,0,4,0,4
50,3,2,4,0,3
51,0,0,2,0,2
52,0,1,2,0,1
53,2,0,2,0,2
54,1,0,1,0,1
55,1,0,5,2,4
56,1,1,3,1,1
57,2,1,9,3,5
58,1,0,5,1,2
59,1,0,3,1,1
60,1,1,3,1,1
61,1,2,6,1,3
62,0,0,1,0,1
63,1,0,7,0,4
64,1,0,13,1,8
65,2,0,6,2,2
66,1,0,6,0,1
67,1,0,6,2,2
68,0,0,2,0,1
69,1,0,1,0,1
70,3,0,9,1,3
71,1,1,5,2,2
72,1,0,5,1,1
73,1,0,6,2,1
74,0,0,1,0,1
75,0,2,3,0,2
76,1,0,5,2,3
77,0,0,1,0,1
78,1,0,4,1,1
79,0,0,1,0,1
80,1,1,7,2,2
81,1,0,5,2,2
82,1,2,7,1,4
83,0,1,1,0,1
84,0,0,1,0,1
85,0,1,4,0,4
86,1,1,6,1,2
87,4,1,5,0,2
88,1,0,6,2,2
89,0,1,1,0,1
90,1,0,8,2,4
91,2,1,8,2,3
92,0,0,4,0,2
93,0,0,2,0,9
94,1,1,3,1,1
95,2,0,3,1,1
96,1,0,5,1,2
97,1,1,4,1,1
98,1,0,4,1,1
99,2,4,9,2,5
100,1,1,7,2,2
101,1,1,5,2,2
102,1,0,8,1,2
103,2,0,4,0,1
104,0,0,2,0,1
105,1,1,5,0,2
106,0,0,6,0,2
107,1,1,4,1,1
108,0,0,2,0,2
109,1,0,3,0,4
110,0,1,1,0,1
111,1,0,9,3,2
112,1,0,5,0,2
113,1,1,5,3,1
114,5,0,13,1,9
115,1,1,6,2,5
116,1,0,4,1,1
117,1,0,8,2,3
118,2,0,9,1,6
119,2,0,5,3,1
120,0,0,2,0,1
121,2,3,8,1,4
122,1,0,4,0,2
123,0,0,2,0,2
124,1,1,4,0,2
125,3,0,8,1,4
126,0,0,1,0,1
127,1,0,9,1,3
128,1,0,2,0,1
129,2,2,9,2,2
130,0,0,4,0,1
131,1,1,5,1,1
132,1,0,4,0,5
133,0,0,5,0,3
134,1,0,6,3,4
135,3,0,17,6,5
136,1,0,5,3,2
137,1,2,8,0,5
138,1,1,5,0,2
139,1,2,6,0,3
140,1,0,9,0,4
141,1,1,10,2,5
142,1,0,5,1,1
143,0,0,1,0,1
144,0,1,8,3,3
145,0,1,2,0,1
146,1,0,3,0,1
147,0,0,1,0,1
148,3,0,7,2,4
149,1,3,12,2,4
150,0,1,3,0,2
151,1,1,4,1,1
152,3,0,8,1,4
153,1,0,4,2,1
154,1,0,6,1,2
155,1,0,7,1,2
156,1,1,4,2,1
157,1,0,4,3,1
158,0,0,4,0,3
159,1,0,8,1,3
160,1,0,5,0,1
161,0,0,4,2,5
162,1,0,7,1,3
163,0,1,1,0,1
164,2,0,6,2,1
165,2,0,11,1,2
166,2,1,7,3,3
167,2,2,5,0,2
168,0,3,4,0,3
169,2,1,5,0,2
170,0,1,2,1,1
171,1,1,6,1,1
172,1,0,8,2,6
173,2,1,5,0,2
174,1,0,2,0,1
175,3,0,5,0,2
176,0,1,3,0,1
177,3,0,12,3,5
178,1,0,5,0,1
179,2,0,3,1,2
180,3,1,8,2,3
181,1,0,7,1,2
182,0,0,1,0,1
183,1,0,4,2,2
184,2,1,5,0,3
185,1,0,3,0,1
186,1,0,4,1,1
187,0,1,1,0,1
188,0,0,4,2,1
189,2,0,12,3,3
190,1,0,7,1,2
191,3,0,8,1,3
192,3,1,5,0,2
193,4,0,14,2,5
194,1,0,4,1,2
195,0,0,1,0,1
196,1,0,3,0,1
197,1,1,6,2,2
198,0,0,3,2,1
199,3,1,10,1,6
200,3,0,13,4,3
201,1,0,6,1,2
202,1,0,4,2,1
203,1,2,7,1,2
204,1,1,2,0,1
205,1,0,3,0,3
206,1,1,6,0,1
207,1,0,4,1,2
208,1,1,5,1,2
209,1,0,3,0,3
210,1,0,3,1,1
211,1,1,4,0,1
212,3,1,7,0,5
213,0,1,4,2,4
214,1,1,7,2,3
215,1,1,5,2,1
216,1,1,5,1,3
217,2,0,6,1,8
218,2,0,5,2,3
219,0,0,2,0,2
220,0,0,6,1,4
221,1,0,5,1,3
222,1,0,4,0,2
223,1,0,3,0,2
224,0,1,1,0,1
225,0,0,4,0,2
226,0,0,3,0,2
227,1,0,6,1,3
228,1,0,8,2,5
229,3,2,8,2,3
230,3,1,7,0,3
231,2,1,7,2,3
232,1,1,6,0,4
233,1,0,5,2,2
234,2,2,7,1,3
235,2,0,6,2,2
236,1,2,5,1,3
237,2,1,4,0,2
238,2,0,8,4,2
239,0,1,3,0,3
240,0,0,3,0,1
241,2,2,5,1,3
242,1,0,5,0,2
243,2,1,6,0,1
244,0,0,5,1,1
245,2,0,6,2,3
246,2,0,13,4,3
247,1,2,7,0,3
248,0,1,1,0,1
249,0,2,2,0,2
250,0,0,7,1,2
251,6,5,15,0,5
252,7,0,19,4,6
253,1,0,5,0,3
254,2,0,5,0,3
255,1,2,5,0,1
256,1,0,5,0,2
257,1,0,5,0,5
258,1,1,6,1,3
259,1,1,5,1,3
260,1,0,9,3,4
261,0,0,3,2,2
262,1,0,5,1,3
263,1,0,7,1,4
264,1,0,5,1,3
265,1,0,6,1,3
266,3,5,9,1,3
267,2,0,4,0,3
268,0,0,1,0,1
269,2,1,5,1,2
270,1,0,9,2,4
271,0,0,5,0,3
272,0,0,6,0,2
273,2,0,12,3,6
274,1,1,5,0,3
275,1,1,7,1,1
276,1,1,6,1,2
277,3,1,5,1,3
278,0,0,4,0,2
279,1,0,10,0,5
280,2,3,7,0,4
281,1,1,4,0,2
282,1,1,5,1,3
283,1,0,6,1,3
284,1,0,5,1,2
285,3,1,9,2,3
286,6,0,11,3,3
287,0,1,3,0,1
288,1,0,7,3,3
289,1,1,6,0,3
290,2,0,6,0,2
291,1,0,3,1,3
292,1,0,4,1,2
293,2,1,8,2,4
294,0,0,4,0,3
295,1,0,2,0,2
296,2,0,6,2,2
297,3,1,7,1,2
298,0,2,3,0,1
299,1,1,3,0,3
300,2,2,8,1,3
301,1,1,4,2,1
302,0,0,2,0,1
303,1,0,3,0,3
304,0,0,5,0,2
305,2,2,10,1,5
306,1,0,4,0,3
307,4,1,12,2,4
308,1,0,4,1,2
309,3,1,5,1,2
310,2,0,8,2,3
311,1,1,4,1,2
312,0,0,1,0,1
313,1,0,3,0,2
314,1,1,3,1,1
315,0,0,6,0,2
316,3,0,7,0,3
317,2,0,9,2,3
318,1,0,3,0,2
319,1,1,4,2,2
320,3,0,10,1,5
321,1,0,5,0,3
322,1,0,5,0,2
323,1,1,5,1,3
324,2,0,4,0,1
325,3,3,8,1,3
326,2,0,2,0,1
327,0,2,4,0,2
328,0,0,1,0,1
329,1,0,1,0,1
330,1,0,8,2,2
331,1,0,4,1,7
332,0,0,3,0,2
333,0,0,2,0,1
334,1,3,7,1,4
335,3,0,10,2,4
336,1,1,5,1,2
337,1,0,8,2,3
338,0,0,5,0,3
339,0,0,4,0,4
340,1,0,5,2,2
341,1,0,5,2,3
342,1,0,4,1,1
343,1,1,5,1,2
344,1,1,4,2,4
345,1,1,5,1,2
346,1,0,5,1,5
347,1,1,3,1,1
348,0,1,1,0,1
349,1,1,3,1,1
350,0,1,5,1,3
351,2,1,6,0,1
352,1,0,8,1,3
353,3,0,14,2,4
354,0,0,2,0,1
355,1,0,4,1,2
356,1,1,4,1,4
357,1,0,6,2,1
358,0,1,7,1,3
359,4,0,17,2,8
360,1,0,2,0,1
361,1,1,3,1,1
362,3,0,13,2,5
363,1,0,4,1,1
364,0,0,4,1,3
365,1,0,6,2,2
366,0,2,8,0,2
367,1,1,4,0,3
368,1,0,4,1,1
369,1,0,4,0,1
370,2,1,4,0,2
371,2,0,7,2,6
372,0,1,1,0,1
373,1,1,6,2,1
374,3,1,11,1,3
375,2,0,8,2,3
376,3,0,8,2,4
377,0,0,5,0,3
378,2,1,6,1,3
379,3,0,9,4,3
380,1,1,4,1,2
381,1,0,3,0,2
382,1,2,5,0,6
383,1,0,5,2,2
384,1,0,3,1,1
385,2,1,5,1,2
386,2,0,7,0,4
387,2,2,13,2,5
388,1,0,5,1,2
389,1,0,4,0,4
390,1,0,4,0,2
391,0,0,2,0,2
392,1,0,4,0,2
393,0,2,2,0,1
394,1,0,3,0,2
395,4,0,12,1,6
396,1,0,4,1,2
397,2,1,9,3,3
398,3,0,5,0,3
399,5,0,15,5,5
400,3,1,12,7,3
401,1,0,5,0,3
402,1,0,4,0,1
403,1,0,6,2,2
404,3,1,11,4,6
405,1,0,9,1,5
406,2,1,2,0,2
407,2,0,7,0,2
408,1,0,9,1,3
409,3,0,9,2,5
410,2,0,7,0,4
411,1,0,5,1,1
412,1,1,5,3,1
413,2,0,9,1,4
414,3,1,11,3,5
415,1,0,3,2,1
416,0,1,1,0,1
417,1,0,8,2,5
418,0,0,3,0,2
419,1,0,6,1,3
420,1,2,5,2,3
421,1,1,5,1,2
422,1,1,2,0,4
423,3,3,8,2,4
424,0,1,6,1,3
425,1,2,5,0,3
426,1,0,5,2,3
427,0,1,1,0,4
428,1,1,5,1,2
429,0,0,5,0,6
430,0,0,2,0,2
431,1,0,4,2,1
432,0,0,2,0,1
433,2,0,7,2,2
434,1,0,5,0,3
435,2,1,9,2,4
436,6,4,21,7,7
437,1,1,9,2,3
438,1,0,3,1,3
439,0,0,1,0,1
440,0,2,6,3,2
441,1,1,5,1,2
442,0,0,6,1,2
443,1,1,4,1,3
444,1,1,7,1,3
445,1,0,2,0,1
446,1,2,7,0,3
447,0,2,3,0,3
448,1,1,4,2,1
449,2,0,5,0,3
450,0,0,5,1,3
451,1,0,2,1,1
452,0,0,3,0,3
453,1,0,4,0,3
454,0,0,2,0,1
455,1,1,3,1,1
456,1,1,7,2,4
457,0,1,1,0,1
458,1,1,8,2,2
459,1,0,7,2,3
460,0,1,2,0,2
461,0,0,6,0,4
462,1,0,5,1,5
463,1,0,1,0,1
464,2,0,7,1,3
465,0,1,1,0,3
466,1,0,5,0,3
467,1,3,4,0,2
468,2,0,6,1,2
469,4,0,10,0,10
470,0,0,1,0,2
471,4,0,7,0,4
472,1,0,3,0,2
473,3,1,7,0,3
474,0,0,5,1,2
475,2,0,5,1,3
476,1,1,5,1,3
477,1,0,3,1,2
478,1,0,6,1,6
479,1,0,4,2,3
480,0,1,1,0,3
481,1,1,5,2,2
482,2,0,5,0,4
483,1,0,7,1,2
484,1,1,4,2,1
485,1,1,4,1,2
486,2,0,9,2,2
487,1,0,4,2,1
488,2,0,5,1,3
489,1,1,4,2,3
490,4,1,12,4,4
491,1,1,2,0,1
492,1,1,3,1,1
493,1,0,5,2,2
494,1,1,5,2,2
495,0,0,5,1,4
496,1,0,6,1,2
497,1,0,3,1,2
498,0,2,5,0,5
499,1,0,4,0,3
500,3,0,10,4,5
501,2,0,12,4,4
502,0,0,1,0,1
503,0,1,2,0,2
504,3,3,11,3,4
505,2,0,6,1,3
506,1,1,3,1,2
507,0,3,5,2,2
508,1,0,4,1,2
509,1,0,5,1,2
510,1,1,5,0,2
511,1,0,4,2,1
512,1,2,8,2,4
513,0,0,3,0,2
514,1,1,2,0,1
515,1,0,3,1,2
516,1,0,4,1,3
517,0,0,3,0,2
518,1,0,7,0,5
519,2,0,12,2,4
520,0,0,1,0,1
521,0,0,2,0,2
522,2,1,4,0,2
523,0,1,6,0,3
524,1,0,3,0,2
525,2,3,6,0,5
526,3,1,8,1,4
527,0,0,3,0,2
528,1,0,2,0,2
529,0,0,2,0,1
530,0,1,5,0,5
531,1,1,3,1,1
532,4,2,13,6,5
533,2,0,8,2,2
534,3,1,5,0,2
535,2,1,5,0,3
536,2,0,10,2,4
537,2,0,11,4,5
538,1,1,4,0,2
539,1,1,5,2,1
540,3,1,8,1,3
541,2,0,5,1,1
542,0,0,3,1,2
543,0,0,1,0,1
544,2,0,4,0,2
545,1,0,4,2,1
546,4,0,5,0,2
547,2,1,5,1,4
548,1,0,6,3,3
549,1,0,6,0,3
550,4,2,2,0,4
551,0,0,6,2,4
552,1,1,5,1,2
553,1,0,5,0,2
554,2,0,8,2,5
555,5,0,6,0,2
556,3,0,11,1,6
557,1,0,9,1,4
558,1,0,5,1,1
559,2,2,8,1,7
560,1,0,5,1,2
561,0,0,2,0,3
562,0,1,1,0,1
563,1,0,3,1,2
564,0,0,2,0,2
565,0,0,1,0,1
566,0,0,8,0,3
567,1,0,1,0,1
568,2,0,11,3,4
569,5,1,15,6,10
570,1,1,6,1,4
571,2,1,6,1,2
572,0,0,4,0,3
573,3,2,9,1,4
574,0,0,4,0,1
575,3,0,6,1,2
576,4,0,14,1,5
577,1,1,5,1,2
578,1,1,5,3,2
579,0,0,1,0,4
580,0,0,1,0,1
581,0,0,2,0,2
582,1,3,8,2,3
583,1,0,4,0,1
584,1,0,4,1,2
585,0,0,3,1,1
586,1,0,3,1,2
587,1,1,7,3,3
588,0,1,1,0,1
589,1,0,6,1,2
590,3,1,8,3,6
591,0,1,4,0,2
592,4,1,10,1,5
593,1,0,4,0,2
594,0,0,2,0,2
595,2,1,8,2,4
596,1,0,8,1,4
597,0,1,3,0,2
598,2,1,7,1,4
599,2,1,3,0,2
600,1,1,6,1,2
601,1,0,6,1,1
602,1,0,4,2,1
603,1,0,3,0,1
604,1,3,8,0,1
605,1,0,4,2,1
606,0,0,3,1,2
607,1,0,4,0,1
608,1,1,5,2,1
609,1,0,3,1,1
610,1,1,5,1,1
611,1,0,2,1,1
612,0,0,3,0,2
613,2,3,14,4,2
614,1,0,5,0,5
615,1,0,4,2,1
616,1,1,2,0,1
617,0,2,5,0,3
618,1,0,2,0,1
619,2,0,6,2,1
620,2,0,7,1,3
621,0,0,1,0,1
622,1,0,4,1,3
623,1,0,3,1,2
624,1,0,3,1,2
625,3,0,6,1,6
626,1,0,3,1,2
627,1,0,9,2,2
628,3,0,7,0,4
629,1,0,4,1,3
630,0,1,4,2,3
631,2,2,7,1,3
632,2,0,6,1,4
633,2,5,11,1,5
634,0,0,1,0,3
635,1,0,3,1,1
636,1,1,4,2,1
637,2,0,5,0,2
638,1,0,3,0,2
639,4,1,9,1,3
640,1,0,6,3,2
641,0,1,3,0,2
642,0,0,3,1,1
643,0,0,2,0,6
644,1,1,4,2,1
645,1,1,3,1,1
646,1,0,4,0,2
647,1,1,4,0,3
648,1,1,4,0,1
649,1,0,3,0,1
650,0,0,2,0,1
651,0,0,3,0,3
652,2,0,8,4,3
653,1,1,4,0,2
654,0,0,2,0,3
655,2,2,11,1,6
656,1,1,3,0,1
657,1,0,6,2,2
658,1,0,4,0,3
659,2,0,6,0,3
660,1,0,4,1,2
661,4,0,6,2,3
662,2,3,7,0,4
663,1,1,6,2,3
664,0,0,2,0,2
665,1,0,6,1,2
666,1,0,5,0,1
667,0,0,2,1,3
668,1,1,6,2,4
669,1,0,7,0,2
670,1,1,5,3,2
671,1,0,5,0,3
672,1,0,5,1,1
673,4,0,13,3,4
674,1,1,6,1,2
675,1,0,7,1,2
676,1,0,1,0,1
677,1,0,6,1,1
678,0,1,1,0,1
679,2,0,7,0,2
680,0,0,2,1,1
681,1,0,5,1,3
682,0,0,1,0,1
683,3,2,7,2,2
684,1,0,4,0,2
685,1,0,4,0,2
686,1,0,5,1,2
687,1,1,4,2,1
688,3,0,8,3,5
689,1,0,7,2,2
690,2,0,5,1,2
691,3,2,6,0,5
692,1,0,6,0,4
693,0,0,4,1,1
694,1,3,7,0,4
695,1,0,6,1,5
696,1,0,3,1,1
697,1,0,8,1,2
698,2,0,5,0,2
699,1,2,6,1,3
700,0,0,1,0,2
701,3,1,10,1,3
702,2,2,8,1,2
703,1,1,4,0,2
704,1,1,4,1,1
705,1,0,4,0,4
706,1,0,3,0,2
707,2,0,9,1,5
708,0,0,7,1,3
709,1,2,6,1,2
710,2,0,7,1,2
711,2,0,4,1,2
712,2,2,5,1,4
713,2,0,5,2,2
714,2,0,7,3,4
715,1,0,12,1,4
716,1,0,3,1,1
717,1,0,9,4,4
718,1,0,2,0,1
719,0,1,5,0,3
720,2,0,4,0,1
721,0,0,2,1,1
722,4,0,7,1,3
723,0,0,1,0,1
724,1,0,3,1,1
725,1,0,2,0,1
726,3,5,14,2,4
727,1,0,3,0,1
728,0,0,1,0,1
729,1,0,5,2,2
730,3,0,6,1,2
731,0,0,1,0,1
732,1,5,16,1,5
733,2,0,4,0,3
734,3,1,9,2,3
735,1,1,4,1,1
736,1,2,6,1,2
737,1,0,5,1,4
738,2,0,4,1,2
739,1,0,4,2,2
740,0,0,1,0,3
741,1,0,1,0,1
742,0,1,2,0,1
743,1,0,15,2,4
744,1,0,4,1,3
745,1,1,8,1,2
746,1,1,6,2,4
747,2,2,12,1,3
748,1,0,7,2,4
749,1,0,8,1,4
750,0,0,8,1,3
751,1,1,6,1,3
752,2,0,4,0,3
753,0,0,4,1,3
754,2,2,6,1,4
755,0,0,7,1,3
756,1,0,4,2,1
757,1,3,7,1,6
758,0,1,1,0,4
759,2,0,4,1,1
760,1,1,4,1,1
761,1,0,4,2,1
762,1,0,5,1,2
763,1,1,4,1,2
764,5,0,10,3,2
765,0,0,3,0,2
766,1,0,3,0,4
767,1,0,6,2,1
768,1,1,7,2,3
769,0,0,4,0,3
770,1,0,7,1,2
771,1,1,3,1,1
772,0,0,5,0,2
773,0,0,1,0,1
774,1,0,6,1,1
775,1,1,4,0,2
776,2,0,8,3,4
777,0,1,2,0,1
778,2,0,6,2,2
779,0,0,4,1,2
780,2,3,9,3,3
781,3,2,12,0,5
782,1,0,7,1,3
783,1,2,5,0,3
784,1,0,4,0,2
785,1,0,8,1,4
786,1,1,3,1,2
787,2,0,5,1,2
788,0,0,2,0,4
789,2,1,5,2,3
790,0,0,3,0,1
791,0,1,7,1,4
792,1,1,2,0,1
793,0,1,1,0,1
794,2,0,6,2,5
795,2,0,9,1,3
796,0,1,2,0,2
797,1,0,5,1,3
798,2,0,9,1,2
799,2,0,7,0,3
800,1,2,8,2,4
801,1,0,6,2,2
802,5,1,12,3,4
803,1,1,2,0,2
804,1,0,3,0,5
805,1,1,6,2,4
806,0,0,3,0,2
807,1,0,5,2,2
808,0,0,5,1,3
809,2,2,8,1,6
810,1,2,7,0,2
811,0,2,3,0,2
812,1,1,3,0,2
813,1,0,4,2,1
814,3,2,13,2,5
815,1,2,8,2,3
816,2,0,8,1,3
817,1,0,4,2,2
818,1,0,5,2,1
819,1,0,8,0,3
820,1,0,6,1,5
821,2,2,8,2,3
822,0,0,5,1,4
823,1,1,4,1,3
824,2,0,3,0,4
825,1,1,3,0,2
826,1,0,4,1,2
827,1,0,3,1,1
828,2,0,5,1,4
829,1,1,6,1,3
830,5,3,12,3,3
831,0,0,3,0,2
832,1,0,5,3,2
833,1,0,11,0,5
834,2,0,9,2,3
835,1,0,7,2,3
836,3,0,10,0,4
837,1,0,9,0,5
838,2,1,6,3,2
839,1,0,9,2,5
840,2,0,5,2,4
841,1,0,10,3,12
842,4,1,10,0,3
843,1,1,2,0,3
844,1,0,2,0,1
845,1,1,6,1,1
846,0,0,2,0,3
847,0,0,5,1,3
848,2,0,6,0,3
849,1,0,7,2,4
850,1,0,6,0,3
851,1,0,5,0,3
852,0,0,2,0,2
853,0,0,2,0,1
854,1,1,5,1,1
855,2,0,12,6,4
856,2,1,6,1,2
857,1,0,4,2,1
858,1,0,3,1,1
859,1,0,9,1,4
860,1,1,3,1,1
861,3,1,7,1,3
862,1,0,3,0,4
863,0,0,1,0,2
864,2,1,7,1,4
865,1,2,6,1,3
866,1,1,5,1,2
867,3,0,5,0,2
868,0,0,3,0,3
869,1,0,5,0,5
870,1,1,5,2,3
871,1,0,1,0,2
872,0,0,2,1,1
873,1,3,7,1,2
874,1,1,4,1,1
875,1,0,6,2,4
876,0,0,4,1,3
877,2,0,10,4,3
878,2,0,8,2,2
879,1,2,6,2,2
880,1,0,9,0,4
881,0,1,3,0,1
882,1,0,6,1,1
883,3,0,11,2,3
884,1,2,6,1,3
885,1,1,2,0,1
886,1,0,4,0,3
887,0,1,2,0,2
888,3,0,8,1,3
889,0,0,1,0,1
890,0,0,5,0,2
891,2,0,7,0,3
892,1,1,6,1,3
893,2,0,11,4,4
894,1,1,4,2,1
895,0,0,1,0,1
896,2,3,10,2,5
897,1,2,12,1,4
898,0,0,2,0,1
899,0,0,3,0,4
900,1,0,3,1,1
901,3,0,7,1,3
902,3,3,15,3,7
903,2,1,8,3,2
904,1,0,4,1,2
905,1,0,5,2,1
906,1,2,6,1,3
907,1,0,4,1,2
908,1,2,4,0,2
909,1,1,4,1,4
910,2,1,8,2,1
911,2,1,7,2,3
912,1,0,6,2,2
913,1,0,2,0,1
914,1,0,5,2,4
915,1,0,2,0,1
916,2,2,8,1,4
917,0,0,2,0,2
918,1,0,5,2,3
919,2,3,7,2,4
920,1,1,4,1,2
921,3,1,6,0,2
922,3,0,14,5,3
923,1,0,3,0,2
924,1,0,5,0,4
925,1,1,5,2,2
926,1,1,5,0,3
927,1,1,6,2,2
928,1,1,5,1,8
929,1,1,2,0,2
930,1,1,4,2,2
931,2,1,5,1,2
932,1,0,3,0,3
933,1,0,3,1,2
934,2,1,5,1,3
935,1,3,10,1,4
936,1,1,5,1,1
937,1,0,4,1,3
938,1,0,4,0,4
939,1,0,4,2,2
940,4,2,11,2,6
941,2,0,8,1,2
942,1,1,4,1,2
943,1,0,5,0,3
944,0,0,3,2,4
945,2,0,6,1,1
946,0,0,2,0,1
947,0,1,5,1,3
948,2,1,9,3,2
949,1,1,8,0,3
950,0,0,3,0,2
951,1,1,5,2,2
952,0,1,4,2,1
953,0,0,1,0,1
954,1,1,4,1,2
955,2,0,4,0,2
956,1,0,9,1,4
957,1,0,6,0,2
958,2,0,3,0,3
959,1,0,1,0,1
960,3,1,7,0,2
961,1,0,4,0,1
962,1,0,3,1,1
963,0,0,6,2,3
964,0,0,2,0,1
965,1,1,6,1,2
966,1,0,1,0,3
967,1,1,4,2,1
968,2,0,4,0,2
969,1,1,6,0,3
970,2,0,10,1,5
971,2,5,11,1,4
972,2,1,6,2,3
973,1,0,7,3,2
974,1,0,2,0,1
975,1,2,3,0,3
976,0,0,5,0,5
977,4,0,9,0,5
978,1,0,3,0,1
979,0,0,4,0,3
980,1,1,3,0,4
981,2,0,6,2,2
982,1,1,3,1,1
983,1,0,7,2,2
984,1,1,5,1,3
985,0,0,5,1,3
986,0,0,1,0,1
987,3,0,6,2,3
988,1,0,8,1,3
989,0,0,5,0,3
990,1,0,4,1,1
991,2,1,10,3,4
992,2,0,8,0,3
993,0,1,1,0,1
994,1,0,6,1,2
995,2,2,5,1,4
996,3,0,8,0,3
997,1,1,6,2,4
998,2,1,7,3,5
999,1,0,7,2,2
1000,1,0,10,1,4
1001,1,1,7,2,3
1002,1,0,4,2,1
1003,1,1,4,1,2
1004,0,1,5,0,3
1005,1,0,6,1,2
1006,0,0,4,0,3
1007,2,1,14,2,7
1008,1,0,7,0,4
1009,1,0,7,1,2
1010,1,1,5,2,4
1011,1,0,4,1,4
1012,0,0,1,0,1
1013,0,0,1,0,1
1014,1,0,5,3,2
1015,1,0,9,0,5
1016,1,0,9,3,5
1017,0,1,3,0,2
1018,1,0,5,2,3
1019,1,1,8,0,2
1020,1,1,8,2,5
1021,1,1,4,1,3
1022,1,0,4,2,3
1023,1,0,5,1,3
1024,1,0,3,1,1
1025,2,0,6,1,3
1026,1,1,5,1,1
1027,2,0,7,2,4
1028,1,0,4,1,2
1029,2,2,5,0,4
1030,4,3,9,2,4
1031,0,1,3,1,1
1032,0,1,2,1,5
1033,0,2,9,1,6
1034,0,1,1,0,1
1035,0,0,5,1,1
1036,1,2,4,0,3
1037,3,0,7,0,3
1038,0,1,1,0,2
1039,0,0,2,0,2
1040,1,0,2,0,1
1041,1,1,7,1,3
1042,0,0,2,0,4
1043,2,0,9,0,4
1044,2,0,7,1,2
1045,2,1,5,1,3
1046,0,0,3,0,2
1047,1,0,1,0,1
1048,2,2,7,1,2
1049,0,0,2,0,1
1050,0,0,5,0,3
1051,1,1,5,3,2
1052,1,1,3,1,1
1053,1,0,3,1,1
1054,0,0,4,1,5
1055,1,1,8,2,1
1056,0,0,3,1,1
1057,0,1,4,2,1
1058,1,1,5,2,2
1059,0,0,1,0,2
1060,2,0,7,1,4
1061,2,1,7,0,4
1062,1,0,2,1,1
1063,1,2,7,0,4
1064,0,0,3,0,3
1065,1,1,5,2,2
1066,0,1,2,0,1
1067,0,1,6,2,3
1068,1,1,4,0,2
1069,1,0,2,0,2
1070,0,1,1,0,1
1071,2,0,7,1,3
1072,2,1,7,0,2
1073,0,0,3,1,1
1074,0,1,5,0,2
1075,2,0,12,2,6
1076,1,0,4,1,3
1077,1,1,3,1,1
1078,2,1,10,4,3
1079,1,3,6,1,2
1080,1,1,2,0,1
1081,1,0,11,2,5
1082,0,0,5,1,3
1083,2,0,6,1,2
1084,1,1,3,1,1
1085,1,0,6,2,2
1086,2,0,10,2,3
1087,1,1,9,3,6
1088,0,0,6,1,2
1089,2,0,5,1,2
1090,0,1,5,1,2
1091,2,0,5,2,1
1092,3,0,10,4,4
1093,1,0,4,1,2
1094,1,0,9,1,4
1095,1,0,3,1,1
1096,0,0,7,1,5
1097,0,1,1,0,1
1098,0,0,1,0,1
1099,1,0,5,0,3
1100,1,0,5,1,3
1101,1,1,3,1,2
1102,1,1,3,1,1
1103,1,1,4,0,2
1104,2,1,7,3,3
1105,2,0,7,1,3
1106,2,0,6,0,3
1107,1,0,6,1,4
1108,2,1,7,3,3
1109,0,0,5,0,3
1110,0,0,3,0,3
1111,1,0,7,0,3
1112,1,0,6,3,1
1113,0,0,2,0,1
1114,2,2,7,0,4
1115,0,1,4,0,2
1116,1,0,4,2,1
1117,2,0,7,2,5
1118,1,0,4,1,1
1119,1,0,4,1,2
1120,1,0,5,0,3
1121,0,1,4,0,5
1122,2,5,10,1,3
1123,1,0,5,0,4
1124,4,1,8,1,5
1125,1,3,8,1,4
1126,0,0,3,1,1
1127,3,0,3,0,3
1128,2,0,6,0,1
1129,0,0,4,0,2
1130,1,2,8,2,3
1131,1,0,4,3,1
1132,5,0,6,1,4
1133,0,1,1,0,3
1134,0,1,5,0,2
1135,1,1,8,2,3
1136,1,0,7,1,4
1137,1,0,5,1,3
1138,1,0,5,3,2
1139,1,0,4,2,1
1140,0,0,6,1,3
1141,0,0,3,1,2
1142,1,0,2,0,1
1143,1,0,7,2,2
1144,1,0,4,1,1
1145,1,0,4,1,3
1146,2,0,7,0,5
1147,1,3,6,0,3
1148,1,1,6,2,5
1149,1,0,3,1,1
1150,0,1,1,0,1
1151,1,1,6,1,2
1152,2,0,3,0,2
1153,1,1,4,2,2
1154,4,0,11,2,3
1155,3,0,10,1,5
1156,4,0,8,1,4
1157,4,0,10,2,3
1158,1,0,3,0,1
1159,1,0,4,1,2
1160,0,0,2,0,1
1161,2,2,7,1,1
1162,0,1,1,0,1
1163,3,1,9,2,5
1164,0,0,1,0,1
1165,1,0,5,0,4
1166,2,0,5,1,2
1167,1,0,3,0,2
1168,1,3,8,1,3
1169,3,2,6,0,2
1170,0,2,3,0,2
1171,1,0,4,1,3
1172,1,0,3,0,2
1173,0,0,3,0,1
1174,0,0,4,1,4
1175,1,0,4,0,3
1176,1,1,4,1,2
1177,2,0,6,1,4
1178,1,0,4,1,2
1179,1,0,6,1,3
1180,0,1,1,0,1
1181,2,0,8,3,4
1182,1,0,5,2,3
1183,0,0,4,0,3
1184,2,0,3,0,3
1185,4,0,6,1,2
1186,0,0,2,0,2
1187,1,1,3,0,2
1188,0,0,1,0,1
1189,1,0,3,0,2
1190,0,0,3,0,3
1191,1,0,2,0,1
1192,2,1,6,1,3
1193,1,1,6,3,2
1194,1,1,5,2,2
1195,1,2,6,1,3
1196,1,0,4,1,2
1197,2,0,9,1,4
1198,1,1,2,0,1
1199,1,0,7,2,2
1200,1,0,6,1,3
1201,2,2,7,0,3
1202,1,0,5,0,3
1203,1,0,2,0,4
1204,1,0,2,0,2
1205,1,0,3,0,2
1206,3,1,17,6,5
1207,0,0,6,1,4
1208,1,1,6,2,3
1209,0,0,3,1,1
1210,1,0,5,2,2
1211,2,1,8,1,5
1212,3,0,9,3,3
1213,1,0,6,2,2
1214,1,1,6,2,2
1215,0,3,9,1,3
1216,0,0,1,0,1
1217,0,0,4,0,2
1218,4,3,11,0,5
1219,1,0,3,1,1
1220,1,0,2,1,1
1221,0,1,1,0,1
1222,1,0,3,0,2
1223,1,0,4,1,1
1224,3,3,11,4,6
1225,1,0,4,0,2
1226,2,1,6,1,2
1227,0,0,5,2,4
1228,0,0,2,0,1
1229,2,0,9,3,2
1230,1,1,2,0,2
1231,0,1,2,0,2
1232,1,2,5,2,2
1233,2,0,6,1,3
1234,2,2,7,1,6
1235,0,1,4,1,1
1236,0,0,1,0,1
1237,2,3,8,1,5
1238,0,1,3,0,2
1239,1,2,7,1,3
1240,1,1,4,0,2
1241,3,6,14,2,7
1242,1,0,4,1,2
1243,1,0,4,2,2
1244,1,0,2,0,1
1245,1,0,7,0,4
1246,1,0,4,1,2
1247,2,0,7,2,3
1248,2,1,7,1,3
1249,1,0,6,2,3
1250,1,1,4,1,3
1251,1,1,4,2,2
1252,1,0,6,2,3
1253,0,2,3,0,2
1254,2,0,2,0,2
1255,2,0,4,0,4
1256,0,1,1,0,1
1257,1,3,8,0,4
1258,0,0,1,0,1
1259,2,0,7,2,2
1260,2,1,8,1,5
1261,4,5,14,5,5
1262,2,0,6,0,2
1263,1,0,5,1,2
1264,1,0,4,0,2
1265,2,4,8,2,4
1266,1,0,2,1,3
1267,3,1,13,3,4
1268,3,0,9,2,5
1269,1,1,5,0,2
1270,1,0,10,3,4
1271,1,0,7,2,2
1272,2,0,14,2,2
1273,1,1,4,2,1
1274,0,0,6,0,2
1275,2,0,11,1,3
1276,3,0,4,0,1
1277,2,1,5,0,4
1278,1,0,4,0,2
1279,1,1,6,1,3
1280,1,1,5,1,2
1281,1,0,6,1,2
1282,1,0,5,2,3
1283,0,1,7,0,3
1284,1,0,4,2,2
1285,2,1,7,1,3
1286,0,0,1,0,1
1287,0,0,7,0,3
1288,0,1,2,0,1
1289,0,0,6,1,2
1290,2,0,12,0,4
1291,2,1,4,1,2
1292,1,0,4,0,2
1293,0,0,4,1,1
1294,2,0,6,1,2
1295,2,2,5,0,4
1296,1,1,8,1,7
1297,1,1,5,1,2
1298,2,1,4,1,6
1299,1,1,5,2,2
1300,0,0,4,0,2
1301,4,1,9,2,8
1302,0,0,2,0,2
1303,0,0,2,0,1
1304,1,0,12,4,5
1305,0,0,3,0,2
1306,1,0,4,0,2
1307,0,0,4,0,2
1308,1,0,3,1,1
1309,1,0,3,1,1
1310,0,0,2,0,1
1311,0,0,5,0,3
1312,1,0,6,2,2
1313,0,1,3,0,2
1314,1,1,7,0,3
1315,2,0,6,2,2
1316,1,1,5,2,1
1317,1,0,2,1,1
1318,1,1,6,2,4
1319,2,1,6,2,3
1320,3,1,8,1,3
1321,1,3,14,3,4
1322,1,2,6,0,4
1323,3,1,9,2,3
1324,1,1,4,2,1
1325,0,0,3,0,3
1326,1,1,4,1,1
1327,1,1,5,1,1
1328,1,1,5,1,3
1329,1,0,4,2,1
1330,1,4,7,0,9
1331,0,1,1,0,1
1332,0,1,1,0,1
1333,1,2,6,1,4
1334,2,1,10,2,5
1335,0,0,6,1,4
1336,2,1,6,1,4
1337,3,0,6,1,2
1338,1,1,4,1,2
